{
	"mappingTime" : 1713,
	"inputSizes" : {
		"source" : 7110,
		"target" : 73
	},
	"outputSizes" : {
		"verification" : 2,
		"acceptance" : 31
	},
	"pseudoPRF" : {
		"acceptance" : {
			"precision" : 1.0,
			"recall" : 0.008631491020464987,
			"f-measure" : 0.017115251897860593
		},
		"all" : {
			"precision" : 0.9696969696969697,
			"recall" : 0.008909926214673534,
			"f-measure" : 0.017657607945923574
		}
	}
}