{
	"mappingTime" : 892,
	"inputSizes" : {
		"source" : 1487,
		"target" : 132
	},
	"outputSizes" : {
		"verification" : 0,
		"acceptance" : 1
	},
	"pseudoPRF" : {
		"acceptance" : {
			"precision" : 1.0,
			"recall" : 0.0012353304508956147,
			"f-measure" : 0.0024676125848241827
		},
		"all" : {
			"precision" : 1.0,
			"recall" : 0.0012353304508956147,
			"f-measure" : 0.0024676125848241827
		}
	}
}