{
	"mappingTime" : 859,
	"inputSizes" : {
		"source" : 383,
		"target" : 132
	},
	"outputSizes" : {
		"verification" : 0,
		"acceptance" : 21
	},
	"pseudoPRF" : {
		"acceptance" : {
			"precision" : 1.0,
			"recall" : 0.08155339805825243,
			"f-measure" : 0.15080789946140039
		},
		"all" : {
			"precision" : 1.0,
			"recall" : 0.08155339805825243,
			"f-measure" : 0.15080789946140039
		}
	}
}