{
	"mappingTime" : 984,
	"inputSizes" : {
		"source" : 1487,
		"target" : 104
	},
	"outputSizes" : {
		"verification" : 1,
		"acceptance" : 12
	},
	"pseudoPRF" : {
		"acceptance" : {
			"precision" : 0.9583333333333334,
			"recall" : 0.014456316781898177,
			"f-measure" : 0.02848297213622291
		},
		"all" : {
			"precision" : 0.9230769230769231,
			"recall" : 0.01508485229415462,
			"f-measure" : 0.029684601113172546
		}
	}
}