{
	"mappingTime" : 2401,
	"inputSizes" : {
		"source" : 4784,
		"target" : 7110
	},
	"outputSizes" : {
		"verification" : 141,
		"acceptance" : 107
	},
	"pseudoPRF" : {
		"acceptance" : {
			"precision" : 1.0,
			"recall" : 0.01799226500756684,
			"f-measure" : 0.035348529897588375
		},
		"all" : {
			"precision" : 0.7338709677419355,
			"recall" : 0.03060366571380528,
			"f-measure" : 0.05875706214689266
		}
	}
}