{
	"mappingTime" : 120,
	"inputSizes" : {
		"source" : 104,
		"target" : 383
	},
	"outputSizes" : {
		"verification" : 0,
		"acceptance" : 1
	},
	"pseudoPRF" : {
		"acceptance" : {
			"precision" : 1.0,
			"recall" : 0.004106776180698152,
			"f-measure" : 0.0081799591002045
		},
		"all" : {
			"precision" : 1.0,
			"recall" : 0.004106776180698152,
			"f-measure" : 0.0081799591002045
		}
	}
}