{
	"mappingTime" : 258,
	"inputSizes" : {
		"source" : 747,
		"target" : 195
	},
	"outputSizes" : {
		"verification" : 1,
		"acceptance" : 1
	},
	"pseudoPRF" : {
		"acceptance" : {
			"precision" : 1.0,
			"recall" : 0.0021231422505307855,
			"f-measure" : 0.00423728813559322
		},
		"all" : {
			"precision" : 0.75,
			"recall" : 0.0031847133757961785,
			"f-measure" : 0.0063424947145877385
		}
	}
}