{
	"mappingTime" : 945,
	"inputSizes" : {
		"source" : 1487,
		"target" : 277
	},
	"outputSizes" : {
		"verification" : 0,
		"acceptance" : 1
	},
	"pseudoPRF" : {
		"acceptance" : {
			"precision" : 1.0,
			"recall" : 0.0011337868480725624,
			"f-measure" : 0.0022650056625141564
		},
		"all" : {
			"precision" : 1.0,
			"recall" : 0.0011337868480725624,
			"f-measure" : 0.0022650056625141564
		}
	}
}