{
	"mappingTime" : 340,
	"inputSizes" : {
		"source" : 747,
		"target" : 1487
	},
	"outputSizes" : {
		"verification" : 9,
		"acceptance" : 7
	},
	"pseudoPRF" : {
		"acceptance" : {
			"precision" : 1.0,
			"recall" : 0.006266786034019696,
			"f-measure" : 0.012455516014234875
		},
		"all" : {
			"precision" : 0.75,
			"recall" : 0.010743061772605193,
			"f-measure" : 0.02118270079435128
		}
	}
}