{
	"mappingTime" : 4970,
	"inputSizes" : {
		"source" : 383,
		"target" : 76330
	},
	"outputSizes" : {
		"verification" : 51,
		"acceptance" : 120
	},
	"pseudoPRF" : {
		"acceptance" : {
			"precision" : 0.6333333333333333,
			"recall" : 0.001981411234080273,
			"f-measure" : 0.0039504632697880526
		},
		"all" : {
			"precision" : 0.6140350877192983,
			"recall" : 0.002737476047084588,
			"f-measure" : 0.005450652131594316
		}
	}
}